<?xml version="1.0" encoding="UTF-8"?>
<!-- IMPORTANT: This is an internal file that has been generated
     by the Xilinx ISE software.  Any direct editing or
     changes made to this file may result in unpredictable
     behavior or data corruption.  It is strongly advised that
     users do not edit the contents of this file. -->
<DeviceUsageSummary rev="1">
<DesignStatistics TimeStamp="Fri May 16 11:50:51 2014"><group name="MiscellaneousStatistics">
<item name="AGG_BONDED_IO" rev="1">
<attrib name="value" value="95"/></item>
<item name="AGG_IO" rev="1">
<attrib name="value" value="95"/></item>
<item name="AGG_LOCED_IO" rev="1">
<attrib name="value" value="95"/></item>
<item name="AGG_SLICE" rev="1">
<attrib name="value" value="1178"/></item>
<item name="NUM_BONDED_IOB" rev="1">
<attrib name="value" value="95"/></item>
<item name="NUM_BSFULL" rev="1">
<attrib name="value" value="1754"/></item>
<item name="NUM_BSLUTONLY" rev="1">
<attrib name="value" value="1552"/></item>
<item name="NUM_BSREGONLY" rev="1">
<attrib name="value" value="647"/></item>
<item name="NUM_BSUSED" rev="1">
<attrib name="value" value="3953"/></item>
<item name="NUM_BUFG" rev="1">
<attrib name="value" value="3"/></item>
<item name="NUM_BUFIO2" rev="1">
<attrib name="value" value="1"/></item>
<item name="NUM_DSP48A1" rev="1">
<attrib name="value" value="2"/></item>
<item name="NUM_ILOGIC2" rev="1">
<attrib name="value" value="8"/></item>
<item name="NUM_IOB_FF" rev="1">
<attrib name="value" value="37"/></item>
<item name="NUM_IODELAY2" rev="1">
<attrib name="value" value="1"/></item>
<item name="NUM_LOCED_IOB" rev="1">
<attrib name="value" value="95"/></item>
<item name="NUM_LOGIC_O5ANDO6" rev="1">
<attrib name="value" value="743"/></item>
<item name="NUM_LOGIC_O5ONLY" rev="1">
<attrib name="value" value="161"/></item>
<item name="NUM_LOGIC_O6ONLY" rev="1">
<attrib name="value" value="2117"/></item>
<item name="NUM_LUT_RT_DRIVES_CARRY4" rev="1">
<attrib name="value" value="7"/></item>
<item name="NUM_LUT_RT_DRIVES_FLOP" rev="1">
<attrib name="value" value="269"/></item>
<item name="NUM_LUT_RT_EXO5" rev="1">
<attrib name="value" value="269"/></item>
<item name="NUM_LUT_RT_EXO6" rev="1">
<attrib name="value" value="7"/></item>
<item name="NUM_LUT_RT_O5" rev="1">
<attrib name="value" value="94"/></item>
<item name="NUM_LUT_RT_O6" rev="1">
<attrib name="value" value="160"/></item>
<item name="NUM_OLOGIC2" rev="1">
<attrib name="value" value="29"/></item>
<item name="NUM_PLL_ADV" rev="1">
<attrib name="value" value="1"/></item>
<item name="NUM_RAMB16BWER" rev="1">
<attrib name="value" value="13"/></item>
<item name="NUM_RAMB8BWER" rev="1">
<attrib name="value" value="3"/></item>
<item name="NUM_SLICEL" rev="1">
<attrib name="value" value="313"/></item>
<item name="NUM_SLICEM" rev="1">
<attrib name="value" value="3"/></item>
<item name="NUM_SLICEX" rev="1">
<attrib name="value" value="862"/></item>
<item name="NUM_SLICE_CARRY4" rev="1">
<attrib name="value" value="278"/></item>
<item name="NUM_SLICE_CONTROLSET" rev="1">
<attrib name="value" value="87"/></item>
<item name="NUM_SLICE_CYINIT" rev="1">
<attrib name="value" value="4366"/></item>
<item name="NUM_SLICE_F7MUX" rev="1">
<attrib name="value" value="37"/></item>
<item name="NUM_SLICE_FF" rev="1">
<attrib name="value" value="2832"/></item>
<item name="NUM_SLICE_LATCHLOGIC" rev="1">
<attrib name="value" value="1"/></item>
<item name="NUM_SLICE_UNUSEDCTRL" rev="1">
<attrib name="value" value="405"/></item>
<item name="NUM_SRL_O6ONLY" rev="1">
<attrib name="value" value="9"/></item>
<item name="NUM_UNUSABLE_FF_BELS" rev="1">
<attrib name="value" value="223"/></item>
<item name="Xilinx Core blk_mem_gen_v7_3, Xilinx CORE Generator 14.6" rev="1">
<attrib name="value" value="2"/></item>
<item name="Xilinx Core div_gen_v3_0, Xilinx CORE Generator 14.6" rev="1">
<attrib name="value" value="2"/></item>
<item name="Xilinx Core fifo_generator_v9_3, Xilinx CORE Generator 14.6" rev="1">
<attrib name="value" value="2"/></item>
</group>
</DesignStatistics>
<CmdHistory>
</CmdHistory>
</DeviceUsageSummary>
